{
  "iter": [
    1,
    2,
    3,
    4,
    5
  ],
  "time": [
    30.175487518310547,
    99.22770285606384,
    1.5589425563812256,
    29.035643577575684,
    0.9882504940032959
  ],
  "adv_loss_0": [
    0.8346867579221725,
    NaN,
    0.6406869417428971,
    NaN,
    0.5806625577807426
  ],
  "adv_loss_1": [
    NaN,
    0.9328158932924271,
    NaN,
    0.8847499942779541,
    NaN
  ],
  "strat_loss_0": [
    0.7947714906930924,
    0.8799096229672432,
    0.5325857910513878,
    0.5708850252628327,
    0.5300799432396889
  ],
  "strat_loss_1": [
    0.7758300775289535,
    0.8964578801393509,
    0.5505025532841682,
    0.5551191493868828,
    0.561289653480053
  ],
  "adv_buf_0": [
    3412,
    3412,
    3530,
    3530,
    3581
  ],
  "adv_buf_1": [
    0,
    15221,
    15221,
    17656,
    17656
  ],
  "strat_buf": [
    5741,
    26804,
    26996,
    30641,
    30727
  ]
}