{
  "abstraction_path": "runs/abstraction_20260521_223018_retrofit/abstraction.pkl",
  "n_samples_preflop": 5000,
  "n_samples_postflop": 2000,
  "runouts": 30,
  "bucket_equity": {
    "preflop": [
      0.39145000889897347,
      0.5519999761134385,
      0.44284998748451476,
      0.47835001014173034,
      0.8443000258365646,
      0.7879500211635605,
      0.36205000802874565,
      0.6434999882243574,
      0.33025001075118776,
      0.5334999883547425,
      0.6778500170260668,
      0.5077500113099813,
      0.7609999881545082,
      0.42090001221746204,
      0.584799990542233,
      0.6631000282429159,
      0.7365000116685405,
      0.4576000042259693,
      0.611850029155612,
      0.5627500118687749
    ],
    "flop": [
      0.5468999717757106,
      0.8748999952431769,
      0.20910000041127205,
      0.4219000008143485,
      0.7158999829925597,
      0.6056999741122127,
      0.2800000002607703,
      0.3040999868325889,
      0.3826000046357512,
      0.9556999740377068,
      0.34359999231994154,
      0.5151000043004751,
      0.7698999948054552,
      0.9043999714870006,
      0.9827000093832612,
      0.3201999978721142,
      0.13770000191405415,
      0.45400001145899294,
      0.5196999856643378,
      0.25640000745654107,
      0.46710001096129417,
      0.6646999857574701,
      0.3339000072702766,
      0.7429000189527869,
      0.28979999091476205,
      0.4660000187158585,
      0.5664000071398914,
      0.21670000836253164,
      0.2920000059716404,
      0.8234999881498516,
      0.38900001242756843,
      0.6789000070001929,
      0.6055000233370811,
      0.13309999842196704,
      0.4538000021502376,
      0.49289998961612586,
      0.4392999965697527,
      0.2679999954998493,
      0.5372999904304743,
      0.5001000046543778,
      0.6396999856736512,
      0.5129999954998493,
      0.679100016783923,
      0.22859999276697637,
      0.5808999833371491,
      0.4123999946191907,
      0.61589998498559,
      0.17420000626705587,
      0.7645999811589718,
      0.3658000082522631,
      0.2551999945566058,
      0.47909998811781407,
      0.7999999997019767,
      0.4634000125247985,
      0.28859999135136605,
      0.31190000124275685,
      0.5641000159829855,
      0.7893999713100494,
      0.2295999963581562,
      0.4174999992549419,
      0.8846999857481569,
      0.39749999932944774,
      0.48059999849647284,
      0.3534000124782324,
      0.7305000233277679,
      0.29780000023543834,
      0.5763000024482607,
      0.6642000213172287,
      0.3482000031881034,
      0.6989000080525875,
      0.8090000114776194,
      0.2410999922454357,
      0.19540000028908253,
      0.5052000089921057,
      0.6890000117942691,
      0.6011999993026257,
      0.8480000234954059,
      0.7572999904956669,
      0.17200000548735261,
      0.615200009336695,
      0.2432000045478344,
      0.586199998408556,
      0.27130002319812774,
      0.6401000057160854,
      0.4690999865531922,
      0.3197999902069569,
      0.3628000140190124,
      0.5908999837748706,
      0.8629000185616315,
      0.2259000140428543,
      0.4314000070095062,
      0.429500005915761,
      0.2476999945845455,
      0.46630000162869695,
      0.1823000046610832,
      0.35630000300705433,
      0.8356999739911407,
      0.4465999871119857,
      0.21360000912100074,
      0.5540000116638839,
      0.3996999859530479,
      0.8019999751448631,
      0.8213000024482608,
      0.2577999996766448,
      0.296799996169284,
      0.17039999753236773,
      0.41450000597164033,
      0.1383999989181757,
      0.4390999872609973,
      0.3910999958217144,
      0.3220000062137842,
      0.32140000743791464,
      0.19649999687448144,
      0.29969998527318237,
      0.2505999993905425,
      0.696099992673844,
      0.35559999850578605,
      0.31929999548941845,
      0.8015000116545706,
      0.5273999960720539,
      0.6715000116825103,
      0.6131000279635191,
      0.6718000256456435,
      0.8359999882802368,
      0.3678999891504645,
      0.39039998799562453,
      0.7498999953269958,
      0.4070000055246055,
      0.41330001115798953,
      0.31169999193400144,
      0.44869999763555823,
      0.47799999385140834,
      0.595899983458221,
      0.43890000698156656,
      0.48340001292526724,
      0.2701000040024519,
      0.2639000079035759,
      0.6544999763090164,
      0.22679999537765982,
      0.38099998645484445,
      0.2807999913394451,
      0.9046999867260456,
      0.3679999938048422,
      0.6795999826490878,
      0.20390000741928815,
      0.794100016336888,
      0.35900001123547554,
      0.512399995001033,
      0.6278000136464834,
      0.518300009444356,
      0.9410999928228557,
      0.7431000281125306,
      0.5599999985843896,
      0.73079997908324,
      0.38039999052882195,
      0.3440000109374523,
      0.6570999806560576,
      0.2755999996513128,
      0.7499999998323619,
      0.6203000144474209,
      0.7769999761600047,
      0.371500014513731,
      0.9265000115707517,
      0.2698999952897429,
      0.25850000120699407,
      0.5368000259902329,
      0.5985999922826886,
      0.635400017797947,
      0.6623999955505132,
      0.33159998565912246,
      0.18209999535232785,
      0.7156999739818275,
      0.498300009816885,
      0.6324999996647239,
      0.921400007084012,
      0.34440000005066396,
      0.2073000030219555,
      0.6843000257760286,
      0.43770000979304313,
      0.1898000045120716,
      0.3313000021502376,
      0.5864000058174133,
      0.15039999820291997,
      0.8042000208050013,
      0.40280001327395437,
      0.8800000002048909,
      0.28260000348091124,
      0.503400012254715,
      0.9243000268936157,
      0.5520999798178673,
      0.436599986795336,
      0.5004999944195151,
      0.3102999997138977,
      0.762399995457381,
      0.860200009336695,
      0.18910000203177332,
      0.8944999763276428,
      0.4734000129625201,
      0.7724999997764825,
      0.47070000318810346
    ],