{
  "metadata": {
    "base_seed": 7,
    "opp_idx": 0,
    "n_samples": 8,
    "workers": 4,
    "blueprint_ckpt": "runs/six_max_20260524_014344_phase4f_dcfr_linear_overnight/checkpoints/ckpt_iter_3000.pt",
    "opponent_ckpt": "runs/six_max_20260524_005853_phase4f_dcfr_linear_shakedown/checkpoints/ckpt_iter_0200.pt",
    "abstraction": "runs/abstraction_20260521_223018/abstraction.pkl",
    "structure": "configs/ignition_double_up_6max_turbo.yaml",
    "n_hands_planned": 6,
    "n_hands_processed": 6,
    "n_solves_captured": 8,
    "n_solves_written": 4,
    "git_rev": "65f520c399e94e6c5e9d3741884bcfd2fe9ed7a8",
    "wall_clock_s": 21.6
  },
  "solves": [
    {
      "hand_idx": 0,
      "decision_idx_in_hand": 0,
      "hero_seat": 4,
      "street": "preflop",
      "n_active_seats": 6,
      "gate": {
        "solve": true,
        "n_legal": 5,
        "max_prob": 0.7490074634552002,
        "street_idx": 0
      },
      "tree": {
        "n_leaf_nodes": 53,
        "n_decision_nodes": 21,
        "n_chance_nodes": 0,
        "n_chance_leaves": 0
      },
      "profile": {
        "leaf_values": [
          0.0019020483875760719,
          0.010536919482010632,
          0.03054627865137166,
          -0.0001932229874134772,
          0.1302400206544394,
          0.05517442244577439,
          0.09415019091234711,
          -0.0003609644542587609,
          3.764376339845943e-05,
          0.0005005917093874601,
          0.010536919482010632,
          0.06659807152628064,
          0.025579381819557462,
          0.09853228201156405,
          0.06024214424671265,
          -0.08521109204425736,
          -0.0691488471112495,
          -0.07051912091756221,
          -0.18486516532766037,
          -0.021241837848121795,
          -0.04926762735333888,
          0.1801344924689953,
          -0.047607821840062584,
          -0.08447810871759764,
          0.0040790656856789925,
          -0.09966791482951766,
          0.11084868266831349,
          -0.1412961150643562,
          -0.3663731668126062,
          0.11032818446299267,
          0.1749653629140513,
          0.1333107405683134,
          0.11084868266831349,
          -0.031008622886683324,
          -0.4753746299565239,
          0.11084868266831349,
          0.2876356120509002,
          0.11084868266831349,
          0.10998126148757245,
          0.06514039652730096,
          0.11067510743841288,
          0.11084868266831349,
          0.17638163844979923,
          0.11084868266831349,
          0.11084868266831349,
          0.06512766484869827,
          0.11084868266831349,
          0.10998126148757245,
          0.06476192005614156,
          0.11084856892612299,
          0.11084868266831349,
          0.06512766484869827,
          0.11084868266831349
        ],
        "root_policy": [
          0.0,
          0.0,
          0.0,
          0.302466,
          0.339352,
          0.0,
          0.358182
        ],
        "root_blueprint": [
          0.749007,
          0.0,
          0.0,
          0.0,
          0.0,
          0.0,
          0.250993
        ],
        "policy_shift_l1": 1.498015,
        "convergence_tail": 0.0,
        "n_iterations_run": 1000,
        "degraded": false
      },
      "br": {
        "leaf_values": [
          0.004704961743953295,
          0.010536919482010632,
          0.0658158500762887,
          0.09225175377135,
          0.08586347220691537,
          0.11096342144653401,
          0.014290686576589468,
          0.009148955996803931,
          8.209542784959334e-05,
          0.006106418422141907,
          0.010536919482010632,
          0.09439220182077127,
          0.030772750493779727,
          0.07319466240226669,
          0.025055767237825988,
          -0.08521109204425736,
          0.13441487234216293,
          -0.028083343207710276,
          -0.11237353725008215,
          -0.08623220368554399,
          0.19397213611794892,
          0.07307027007064514,
          0.11832307840126421,
          -0.02096711343702415,
          0.04822698722394876,
          -0.028939415121919193,
          0.11084868266831349,
          0.20260345213884579,
          -0.25737170366868845,
          0.11084856892612299,
          0.3026515376867282,
          0.17610592037879666,
          0.11084868266831349,
          0.10106185482399217,
          -0.36412065635542296,
          0.11084868266831349,
          -0.15738028235350365,
          0.11084868266831349,
          0.11050164595070278,
          0.06496912459217323,
          0.11050164595070278,
          0.11084868266831349,
          0.17638163844979926,
          0.11084868266831349,
          0.11084868266831349,
          0.17638163844979926,
          0.11084868266831349,
          0.11015472297528256,
          -0.04641080833138583,
          0.11050164595070278,
          0.11084868266831349,
          0.17638163844979926,
          0.11084868266831349
        ],
        "root_policy": [
          0.0,
          1e-06,
          0.0,
          0.304016,
          0.339049,
          0.0,
          0.356933
        ],
        "policy_shift_l1": 1.498015,
        "convergence_tail": 6e-09,
        "n_iterations_run": 1000,
        "degraded": false
      },
      "derived": {
        "leaf_value_l1_br_vs_profile": 3.1446272945033544,
        "root_policy_l1_br_vs_profile": 0.003102999999999994,
        "leaf_value_max_abs_diff": 0.44501589440440387
      }
    },
    {
      "hand_idx": 0,
      "decision_idx_in_hand": 1,
      "hero_seat": 5,
      "street": "preflop",
      "n_active_seats": 6,
      "gate": {
        "solve": true,
        "n_legal": 3,
        "max_prob": 0.7159595489501953,
        "street_idx": 0
      },
      "tree": {
        "n_leaf_nodes": 27,
        "n_decision_nodes": 13,
        "n_chance_nodes": 0,
        "n_chance_leaves": 0
      },
      "profile": {
        "leaf_values": [
          2.342589787210467e-05,
          0.00034085301962747636,
          2.342589787210467e-05,
          0.00015356467998881633,
          0.0008368805929409969,
          0.00015356467998881636,
          2.342589787210467e-05,
          0.00034085301962747636,
          2.342589787210467e-05,
          0.00093848333430879,
          0.002237031902620495,
          0.0011675310716904013,
          0.0022218573211226734,
          0.0018797887918286177,
          -0.00018930179174220994,
          0.001167531071690401,
          0.0007227424606450449,
          0.0009384833343087898,
          2.342589787210467e-05,
          0.0003815889803313551,
          2.342589787210467e-05,
          0.00020757285420743308,
          0.0009120493342581457,
          0.00015356467998881636,
          2.342589787210467e-05,
          0.00030011705892359764,
          2.342589787210467e-05
        ],
        "root_policy": [
          1.1e-05,
          0.99992,
          0.0,
          0.0,
          0.0,
          0.0,
          6.9e-05
        ],
        "root_blueprint": [
          0.28404,
          0.0,
          0.0,
          0.0,
          0.0,
          0.0,
          0.71596
        ],
        "policy_shift_l1": 1.99984,
        "convergence_tail": 3.21e-07,
        "n_iterations_run": 1000,
        "degraded": false
      },