{
  "ablation": "B1c sub-step 6 \u2014 Level-3 pool ablation (3-way)",
  "blueprint": {
    "path": "runs/six_max_20260524_014344_phase4f_dcfr_linear_overnight/checkpoints/ckpt_iter_3000.pt",
    "md5": "795d713ef23224c1283db512deb6761a"
  },
  "abstraction": "runs/abstraction_20260521_223018/abstraction.pkl",
  "structure": "configs/ignition_double_up_6max_turbo.yaml",
  "challengers": [
    "blueprint",
    "sg-profile",
    "sg-br"
  ],
  "config": {
    "hands": 200,
    "base_seed": 7,
    "workers": 64,
    "mode": "sample",
    "n_opponents": 1
  },
  "git_rev": "65f520c399e94e6c5e9d3741884bcfd2fe9ed7a8",
  "wall_clock_s": 268.6,
  "per_matchup": [
    {
      "challenger": "blueprint",
      "opponent": "dcfr-shake-200",
      "n_hands": 193,
      "diff": 0.020282905698277284,
      "stderr": 0.018714573373599164,
      "sigma": 1.0838027292083816
    },
    {
      "challenger": "sg-profile",
      "opponent": "dcfr-shake-200",
      "n_hands": 193,
      "diff": 0.04900384890791147,
      "stderr": 0.024773976816337744,
      "sigma": 1.9780372473584784
    },
    {
      "challenger": "sg-br",
      "opponent": "dcfr-shake-200",
      "n_hands": 193,
      "diff": 0.006358712650074824,
      "stderr": 0.02505333721746847,
      "sigma": 0.253807011612058
    }
  ],
  "pooled_diff": {
    "blueprint": 0.020282905698277284,
    "sg-profile": 0.04900384890791147,
    "sg-br": 0.006358712650074824
  },
  "lifts": {
    "sg-br_minus_blueprint": {
      "lift": -0.013924193048202456,
      "stderr": 0.023085826535768565,
      "sigma": 0.6031489938914979,
      "n_hands": 193,
      "per_opponent": [
        {
          "opponent": "dcfr-shake-200",
          "lift": -0.013924193048202456
        }
      ],
      "n_opponents_positive": 0
    },
    "sg-profile_minus_blueprint": {
      "lift": 0.0287209432096342,
      "stderr": 0.020318420019857494,
      "sigma": 1.4135421544374414,
      "n_hands": 193,
      "per_opponent": [
        {
          "opponent": "dcfr-shake-200",
          "lift": 0.0287209432096342
        }
      ],
      "n_opponents_positive": 1
    },
    "sg-br_minus_sg-profile": {
      "lift": -0.04264513625783664,
      "stderr": 0.02083076035351134,
      "sigma": 2.047219378175418,
      "n_hands": 193,
      "per_opponent": [
        {
          "opponent": "dcfr-shake-200",
          "lift": -0.04264513625783664
        }
      ],
      "n_opponents_positive": 0
    }
  },
  "stats": {
    "blueprint": null,
    "sg-profile": {
      "n_degraded": 0,
      "n_gated_solve": 173,
      "n_decisions_total": 655,
      "n_gated_skip": 482,
      "gate_skip_rate": 0.7358778625954199,
      "gate_solve_rate": 0.2641221374045801,
      "degraded_rate": 0.0
    },
    "sg-br": {
      "n_degraded": 0,
      "n_gated_solve": 173,
      "n_decisions_total": 647,
      "n_gated_skip": 474,
      "gate_skip_rate": 0.732612055641422,
      "gate_solve_rate": 0.26738794435857804,
      "degraded_rate": 0.0
    }
  },
  "verdict": {
    "status": "FAIL",
    "recommendation": "subgame solving does not lift strength as measured; do not lock \u2014 surface for diagnosis (Path A)",
    "L_br_vs_blueprint": -0.013924193048202456,
    "sigma_L": 0.6031489938914979,
    "ordering_ok": false,
    "n_opponents_positive": 0,
    "n_opponents": 1,
    "L_br_vs_profile": -0.04264513625783664,
    "sigma_br_vs_profile": 2.047219378175418,
    "thresholds": {
      "PASS_L": 0.005,
      "PASS_SIGMA": 2.0,
      "SUBSTANTIVE_L": 0.002,
      "SUBSTANTIVE_SIGMA": 1.5,
      "BRVSP_SIGMA": 1.5
    }
  }
}